Transaction_ID,Date,Region,Category,Units,Unit_Price,Revenue,Profit
TXN-2025-0001,2025-05-04,North America,Hardware Systems,11,922.96,10152.56,3913.19
TXN-2025-0002,2025-01-13,North America,Hardware Systems,10,1969.19,19691.9,7468.59
TXN-2025-0003,2025-04-20,Latin America,Consulting Services,7,566.96,3968.72,1241.98
TXN-2025-0004,2025-06-22,Middle East,Support & SLA,11,422.32,4645.52,1430.12
TXN-2025-0005,2025-03-06,Latin America,Hardware Systems,11,1281.72,14098.92,4423.02
TXN-2025-0006,2025-01-29,Asia-Pacific,Support & SLA,1,350.89,350.89,101.84
TXN-2025-0007,2025-01-19,Latin America,Support & SLA,1,286.41,286.41,87.26
TXN-2025-0008,2025-04-03,Middle East,Cloud Software,2,591.91,1183.82,312.2
TXN-2025-0009,2025-01-04,Latin America,Hardware Systems,6,2172.33,13033.98,3097.71
TXN-2025-0010,2025-03-15,Middle East,Cloud Software,5,322.16,1610.8,424.45
TXN-2025-0011,2025-01-19,Middle East,Support & SLA,6,129.37,776.22,216.56
TXN-2025-0012,2025-04-09,Latin America,Support & SLA,9,394.21,3547.89,1158.66
TXN-2025-0013,2025-02-24,Europe,Cloud Software,11,1011.29,11124.19,4169.36
TXN-2025-0014,2025-01-19,Asia-Pacific,Hardware Systems,11,1979.16,21770.76,8211.88
TXN-2025-0015,2025-05-23,Latin America,Hardware Systems,7,793.98,5557.86,2270.37
TXN-2025-0016,2025-06-11,Latin America,Hardware Systems,11,1102.86,12131.46,3968.0
TXN-2025-0017,2025-02-09,Latin America,Cloud Software,9,323.57,2912.13,1138.33
TXN-2025-0018,2025-06-06,Europe,Hardware Systems,10,1684.19,16841.9,6423.02
TXN-2025-0019,2025-01-22,Middle East,Cloud Software,2,430.35,860.7,322.35
TXN-2025-0020,2025-06-19,Middle East,Cloud Software,10,750.98,7509.8,2789.67
TXN-2025-0021,2025-02-27,Middle East,Hardware Systems,4,1088.6,4354.4,1524.47
TXN-2025-0022,2025-04-20,North America,Hardware Systems,6,820.42,4922.52,1716.76
TXN-2025-0023,2025-03-21,North America,Cloud Software,10,531.14,5311.4,2062.93
TXN-2025-0024,2025-06-26,Asia-Pacific,Support & SLA,12,365.63,4387.56,1458.57
TXN-2025-0025,2025-03-22,Europe,Hardware Systems,3,1689.8,5069.4,1366.89
TXN-2025-0026,2025-04-27,North America,Consulting Services,12,570.77,6849.24,2857.99
TXN-2025-0027,2025-01-08,Latin America,Support & SLA,12,141.04,1692.48,378.2
TXN-2025-0028,2025-06-02,Latin America,Hardware Systems,2,2349.95,4699.9,1745.96
TXN-2025-0029,2025-01-24,Asia-Pacific,Consulting Services,2,191.51,383.02,103.84
TXN-2025-0030,2025-01-25,Latin America,Hardware Systems,2,2083.98,4167.96,1621.39
TXN-2025-0031,2025-04-01,Latin America,Cloud Software,3,435.91,1307.73,347.13
TXN-2025-0032,2025-03-22,Asia-Pacific,Support & SLA,3,320.3,960.9,343.45
TXN-2025-0033,2025-05-05,Middle East,Hardware Systems,8,547.12,4376.96,1367.22
TXN-2025-0034,2025-04-30,Latin America,Cloud Software,9,745.95,6713.55,2691.97
TXN-2025-0035,2025-05-07,Latin America,Consulting Services,1,380.21,380.21,98.91
TXN-2025-0036,2025-02-19,Middle East,Consulting Services,11,468.34,5151.74,1430.07
TXN-2025-0037,2025-05-04,North America,Consulting Services,12,623.51,7482.12,2819.36
TXN-2025-0038,2025-03-08,North America,Support & SLA,12,310.73,3728.76,1308.93
TXN-2025-0039,2025-05-23,Middle East,Support & SLA,7,373.16,2612.12,608.67
TXN-2025-0040,2025-04-11,Latin America,Consulting Services,7,779.83,5458.81,2204.83
TXN-2025-0041,2025-06-19,Europe,Consulting Services,1,635.14,635.14,193.44
TXN-2025-0042,2025-02-18,Asia-Pacific,Consulting Services,5,699.87,3499.35,1315.74
TXN-2025-0043,2025-03-26,Asia-Pacific,Cloud Software,5,751.98,3759.9,1233.58
TXN-2025-0044,2025-02-16,Middle East,Hardware Systems,8,1181.8,9454.4,3750.73
TXN-2025-0045,2025-01-28,Latin America,Support & SLA,7,210.46,1473.22,411.11
TXN-2025-0046,2025-05-08,Middle East,Consulting Services,5,528.94,2644.7,937.84
TXN-2025-0047,2025-05-19,Europe,Support & SLA,1,305.21,305.21,103.1
TXN-2025-0048,2025-03-27,Latin America,Consulting Services,10,772.11,7721.1,2569.6
TXN-2025-0049,2025-01-25,North America,Hardware Systems,4,1859.53,7438.12,1667.56
TXN-2025-0050,2025-06-06,Middle East,Cloud Software,9,892.64,8033.76,3207.2
TXN-2025-0051,2025-06-08,North America,Support & SLA,4,260.54,1042.16,355.49
TXN-2025-0052,2025-04-09,Middle East,Hardware Systems,1,1222.01,1222.01,509.18
TXN-2025-0053,2025-03-31,Middle East,Hardware Systems,7,1994.41,13960.87,5153.38
TXN-2025-0054,2025-02-08,Europe,Hardware Systems,12,2323.4,27880.8,10922.09
TXN-2025-0055,2025-01-21,Europe,Hardware Systems,11,1159.92,12759.12,3171.03
TXN-2025-0056,2025-06-07,Latin America,Cloud Software,4,374.29,1497.16,495.04
TXN-2025-0057,2025-05-05,Europe,Hardware Systems,4,1796.65,7186.6,2585.65
TXN-2025-0058,2025-06-04,Europe,Hardware Systems,5,2365.37,11826.85,4156.2
TXN-2025-0059,2025-06-06,Middle East,Consulting Services,9,381.03,3429.27,877.23
TXN-2025-0060,2025-05-02,Asia-Pacific,Consulting Services,6,637.48,3824.88,1135.63
TXN-2025-0061,2025-02-13,Asia-Pacific,Consulting Services,2,321.35,642.7,191.36
TXN-2025-0062,2025-01-15,Middle East,Support & SLA,4,337.43,1349.72,551.97
TXN-2025-0063,2025-02-10,Europe,Support & SLA,3,250.58,751.74,212.32
TXN-2025-0064,2025-06-14,Middle East,Consulting Services,2,458.24,916.48,320.63
TXN-2025-0065,2025-05-01,Latin America,Consulting Services,1,333.52,333.52,99.97
TXN-2025-0066,2025-01-24,North America,Cloud Software,6,1101.99,6611.94,2127.54
TXN-2025-0067,2025-03-24,Europe,Cloud Software,2,454.64,909.28,361.72
TXN-2025-0068,2025-06-08,Asia-Pacific,Cloud Software,12,402.7,4832.4,1287.23
TXN-2025-0069,2025-05-08,Europe,Hardware Systems,6,1021.03,6126.18,1909.34
TXN-2025-0070,2025-06-14,North America,Consulting Services,11,602.25,6624.75,1495.41
TXN-2025-0071,2025-02-01,Middle East,Cloud Software,3,591.68,1775.04,689.86
TXN-2025-0072,2025-01-07,Latin America,Cloud Software,12,550.99,6611.88,2762.02
TXN-2025-0073,2025-02-15,Middle East,Hardware Systems,1,884.36,884.36,338.48
TXN-2025-0074,2025-03-09,Europe,Hardware Systems,3,1844.88,5534.64,2284.88
TXN-2025-0075,2025-03-13,Asia-Pacific,Support & SLA,9,439.88,3958.92,1088.26
TXN-2025-0076,2025-02-25,Latin America,Hardware Systems,8,1725.65,13805.2,3464.35
TXN-2025-0077,2025-06-23,Europe,Consulting Services,11,229.03,2519.33,576.16
TXN-2025-0078,2025-03-02,North America,Hardware Systems,1,1556.02,1556.02,601.04
TXN-2025-0079,2025-01-24,Middle East,Consulting Services,11,452.63,4978.93,1328.29
TXN-2025-0080,2025-06-17,North America,Cloud Software,12,827.72,9932.64,3952.93
TXN-2025-0081,2025-04-02,Latin America,Hardware Systems,3,1267.44,3802.32,1109.16
TXN-2025-0082,2025-05-03,Middle East,Cloud Software,1,1171.07,1171.07,305.58
TXN-2025-0083,2025-03-20,North America,Consulting Services,1,389.79,389.79,131.79
TXN-2025-0084,2025-05-05,North America,Consulting Services,9,249.37,2244.33,667.55
TXN-2025-0085,2025-02-05,North America,Consulting Services,8,650.23,5201.84,1840.21
TXN-2025-0086,2025-01-17,North America,Consulting Services,11,427.98,4707.78,1336.2
TXN-2025-0087,2025-02-19,Latin America,Hardware Systems,5,1470.55,7352.75,2194.55
TXN-2025-0088,2025-02-12,Middle East,Consulting Services,3,231.86,695.58,163.75
TXN-2025-0089,2025-04-06,North America,Cloud Software,9,762.79,6865.11,2472.62
TXN-2025-0090,2025-05-04,North America,Hardware Systems,4,1120.41,4481.64,1449.28
TXN-2025-0091,2025-06-16,Europe,Hardware Systems,12,578.74,6944.88,2599.17
TXN-2025-0092,2025-01-30,Europe,Hardware Systems,9,2024.13,18217.17,4135.01
TXN-2025-0093,2025-01-08,Asia-Pacific,Cloud Software,12,1070.28,12843.36,5358.66
TXN-2025-0094,2025-04-21,Asia-Pacific,Cloud Software,2,835.64,1671.28,401.2
TXN-2025-0095,2025-03-18,North America,Cloud Software,6,423.82,2542.92,717.64
TXN-2025-0096,2025-04-02,Middle East,Consulting Services,6,419.51,2517.06,677.81
TXN-2025-0097,2025-06-15,Middle East,Hardware Systems,9,2196.84,19771.56,5885.74
TXN-2025-0098,2025-01-15,Middle East,Hardware Systems,5,889.32,4446.6,1420.24
TXN-2025-0099,2025-05-22,Europe,Consulting Services,8,632.92,5063.36,2085.67
TXN-2025-0100,2025-04-22,Europe,Support & SLA,9,328.22,2953.98,1013.18
TXN-2025-0101,2025-05-20,Europe,Cloud Software,10,925.69,9256.9,2407.42
TXN-2025-0102,2025-02-27,Europe,Support & SLA,2,312.66,625.32,184.14
TXN-2025-0103,2025-01-15,Europe,Support & SLA,6,301.39,1808.34,407.6
TXN-2025-0104,2025-02-07,North America,Consulting Services,1,467.39,467.39,165.43
TXN-2025-0105,2025-03-04,Middle East,Cloud Software,10,1171.98,11719.8,2691.48
TXN-2025-0106,2025-03-26,Asia-Pacific,Cloud Software,11,1197.79,13175.69,3850.75
TXN-2025-0107,2025-06-08,Latin America,Support & SLA,5,187.69,938.45,286.32
TXN-2025-0108,2025-04-17,North America,Hardware Systems,6,476.83,2860.98,911.94
TXN-2025-0109,2025-06-27,Latin America,Support & SLA,5,109.31,546.55,174.23
TXN-2025-0110,2025-01-06,North America,Consulting Services,2,787.96,1575.92,527.94
TXN-2025-0111,2025-04-23,Asia-Pacific,Support & SLA,7,198.41,1388.87,446.57
TXN-2025-0112,2025-02-20,North America,Hardware Systems,11,2272.09,24992.99,9585.67
TXN-2025-0113,2025-04-03,Latin America,Support & SLA,5,416.13,2080.65,529.07
TXN-2025-0114,2025-06-18,Middle East,Consulting Services,7,737.28,5160.96,1205.56
TXN-2025-0115,2025-04-05,Asia-Pacific,Cloud Software,3,346.46,1039.38,414.71
TXN-2025-0116,2025-01-19,Asia-Pacific,Support & SLA,8,268.28,2146.24,893.83
TXN-2025-0117,2025-03-23,Europe,Hardware Systems,2,2121.81,4243.62,1270.76
TXN-2025-0118,2025-03-24,North America,Hardware Systems,9,1170.61,10535.49,3187.07
TXN-2025-0119,2025-03-30,North America,Support & SLA,9,388.06,3492.54,809.56
TXN-2025-0120,2025-06-20,Europe,Support & SLA,6,214.71,1288.26,283.42
TXN-2025-0121,2025-05-04,Europe,Hardware Systems,9,1501.57,13514.13,4015.81
TXN-2025-0122,2025-05-22,Middle East,Support & SLA,1,241.79,241.79,95.61
TXN-2025-0123,2025-01-10,Europe,Hardware Systems,8,1894.35,15154.8,5020.97
TXN-2025-0124,2025-04-03,Middle East,Consulting Services,5,786.17,3930.85,1361.14
TXN-2025-0125,2025-03-20,Asia-Pacific,Consulting Services,11,193.93,2133.23,789.35
TXN-2025-0126,2025-01-25,Latin America,Hardware Systems,4,1754.1,7016.4,1694.77
TXN-2025-0127,2025-02-15,North America,Consulting Services,5,683.07,3415.35,1263.5
TXN-2025-0128,2025-02-20,Middle East,Cloud Software,12,1013.11,12157.32,4506.04
TXN-2025-0129,2025-06-17,Europe,Hardware Systems,8,674.41,5395.28,1467.01
TXN-2025-0130,2025-02-03,Europe,Support & SLA,6,280.88,1685.28,706.41
TXN-2025-0131,2025-02-17,Latin America,Support & SLA,9,206.69,1860.21,575.13
TXN-2025-0132,2025-02-20,Asia-Pacific,Cloud Software,9,810.11,7290.99,1830.17
TXN-2025-0133,2025-06-24,Middle East,Consulting Services,9,350.64,3155.76,754.23
TXN-2025-0134,2025-04-09,Latin America,Cloud Software,4,450.31,1801.24,628.49
TXN-2025-0135,2025-06-20,Europe,Cloud Software,1,1152.48,1152.48,453.67
TXN-2025-0136,2025-05-27,Latin America,Hardware Systems,11,1395.0,15345.0,4107.66
TXN-2025-0137,2025-01-12,Asia-Pacific,Cloud Software,12,656.19,7874.28,2330.37
TXN-2025-0138,2025-06-12,Europe,Support & SLA,11,267.61,2943.71,737.22
TXN-2025-0139,2025-06-29,Europe,Consulting Services,2,678.77,1357.54,321.41
TXN-2025-0140,2025-01-08,Middle East,Cloud Software,8,810.2,6481.6,2193.41
TXN-2025-0141,2025-02-07,Middle East,Cloud Software,10,969.0,9690.0,3989.18
TXN-2025-0142,2025-01-01,Middle East,Consulting Services,11,566.28,6229.08,2590.9
TXN-2025-0143,2025-01-03,Europe,Hardware Systems,9,840.37,7563.33,2185.03
TXN-2025-0144,2025-03-08,Europe,Support & SLA,2,429.91,859.82,291.65
TXN-2025-0145,2025-02-01,Latin America,Cloud Software,8,496.9,3975.2,1428.35
TXN-2025-0146,2025-04-11,Middle East,Hardware Systems,10,1093.16,10931.6,2664.24
TXN-2025-0147,2025-01-13,Europe,Cloud Software,1,882.94,882.94,298.23
TXN-2025-0148,2025-04-24,Middle East,Cloud Software,3,1138.32,3414.96,1064.01
TXN-2025-0149,2025-02-04,Middle East,Consulting Services,2,345.9,691.8,197.57
TXN-2025-0150,2025-05-05,Asia-Pacific,Consulting Services,6,724.68,4348.08,1429.47
TXN-2025-0151,2025-05-16,Europe,Consulting Services,4,386.33,1545.32,490.7
TXN-2025-0152,2025-06-08,Europe,Cloud Software,2,837.87,1675.74,696.63
TXN-2025-0153,2025-01-22,Europe,Consulting Services,9,433.19,3898.71,1309.75
TXN-2025-0154,2025-05-24,Latin America,Cloud Software,6,388.31,2329.86,891.11
TXN-2025-0155,2025-06-14,Latin America,Cloud Software,8,906.92,7255.36,2584.4
TXN-2025-0156,2025-04-06,North America,Support & SLA,9,261.0,2349.0,795.51
TXN-2025-0157,2025-03-14,North America,Hardware Systems,8,942.67,7541.36,1677.39
TXN-2025-0158,2025-03-31,Europe,Hardware Systems,12,1746.81,20961.72,7890.28
TXN-2025-0159,2025-04-15,Europe,Support & SLA,9,138.1,1242.9,436.37
TXN-2025-0160,2025-03-18,North America,Support & SLA,3,377.51,1132.53,300.1
TXN-2025-0161,2025-06-14,Latin America,Hardware Systems,10,1324.66,13246.6,3087.66
TXN-2025-0162,2025-06-25,Middle East,Hardware Systems,11,2270.72,24977.92,6150.71
TXN-2025-0163,2025-03-01,Latin America,Support & SLA,12,116.42,1397.04,365.95
TXN-2025-0164,2025-01-16,North America,Consulting Services,2,687.55,1375.1,351.57
TXN-2025-0165,2025-04-02,Asia-Pacific,Cloud Software,11,741.95,8161.45,2009.75
TXN-2025-0166,2025-01-30,Europe,Support & SLA,1,164.91,164.91,38.73
TXN-2025-0167,2025-06-23,North America,Cloud Software,12,606.45,7277.4,1864.74
TXN-2025-0168,2025-02-19,Middle East,Cloud Software,5,772.2,3861.0,1236.71
TXN-2025-0169,2025-02-08,Asia-Pacific,Hardware Systems,12,836.06,10032.72,3864.42
TXN-2025-0170,2025-05-03,Europe,Consulting Services,1,632.84,632.84,262.16
TXN-2025-0171,2025-01-12,Europe,Cloud Software,8,764.81,6118.48,1385.08
TXN-2025-0172,2025-06-10,Europe,Consulting Services,10,536.22,5362.2,1477.02
TXN-2025-0173,2025-01-04,Europe,Cloud Software,4,806.5,3226.0,802.46
TXN-2025-0174,2025-03-27,Middle East,Cloud Software,4,1178.29,4713.16,1878.51
TXN-2025-0175,2025-03-19,Europe,Support & SLA,12,443.57,5322.84,1669.1
TXN-2025-0176,2025-01-15,North America,Cloud Software,1,1115.13,1115.13,382.63
TXN-2025-0177,2025-03-29,North America,Consulting Services,6,492.25,2953.5,768.06
TXN-2025-0178,2025-04-13,Latin America,Cloud Software,8,729.98,5839.84,1514.47
TXN-2025-0179,2025-01-19,North America,Cloud Software,4,1121.94,4487.76,1064.34
TXN-2025-0180,2025-03-20,Latin America,Consulting Services,3,547.65,1642.95,620.92
TXN-2025-0181,2025-05-26,Asia-Pacific,Hardware Systems,6,484.92,2909.52,955.04
TXN-2025-0182,2025-06-13,Europe,Hardware Systems,2,1893.39,3786.78,1151.51
TXN-2025-0183,2025-03-16,Europe,Hardware Systems,12,1521.35,18256.2,4987.44
TXN-2025-0184,2025-02-17,Middle East,Consulting Services,8,743.96,5951.68,1829.36
TXN-2025-0185,2025-05-25,North America,Cloud Software,9,756.16,6805.44,2471.4
TXN-2025-0186,2025-05-25,Latin America,Support & SLA,6,350.33,2101.98,552.99
TXN-2025-0187,2025-06-16,Europe,Support & SLA,1,400.03,400.03,116.49
TXN-2025-0188,2025-04-16,Latin America,Hardware Systems,6,1544.18,9265.08,3083.51
TXN-2025-0189,2025-01-02,Asia-Pacific,Cloud Software,1,443.65,443.65,156.84
TXN-2025-0190,2025-02-24,North America,Cloud Software,5,977.61,4888.05,1950.13
TXN-2025-0191,2025-04-11,Asia-Pacific,Hardware Systems,12,1389.06,16668.72,4374.36
TXN-2025-0192,2025-06-30,North America,Cloud Software,3,1152.73,3458.19,1104.06
TXN-2025-0193,2025-02-15,Europe,Consulting Services,1,261.05,261.05,98.0
TXN-2025-0194,2025-05-15,Europe,Consulting Services,5,718.02,3590.1,1370.82
TXN-2025-0195,2025-03-02,Europe,Hardware Systems,11,2009.9,22108.9,7192.71
TXN-2025-0196,2025-03-07,North America,Support & SLA,3,272.68,818.04,325.8
TXN-2025-0197,2025-02-07,Europe,Support & SLA,10,124.63,1246.3,395.39
TXN-2025-0198,2025-01-12,Asia-Pacific,Hardware Systems,6,1138.81,6832.86,2513.96
TXN-2025-0199,2025-05-06,Europe,Consulting Services,11,236.85,2605.35,741.75
TXN-2025-0200,2025-04-29,Asia-Pacific,Cloud Software,4,964.16,3856.64,1599.35
TXN-2025-0201,2025-03-09,Asia-Pacific,Support & SLA,9,322.98,2906.82,699.42
TXN-2025-0202,2025-03-22,Europe,Support & SLA,2,448.56,897.12,280.93
TXN-2025-0203,2025-03-09,Europe,Support & SLA,8,378.98,3031.84,973.31
TXN-2025-0204,2025-01-12,Middle East,Hardware Systems,6,827.9,4967.4,1145.28
TXN-2025-0205,2025-06-21,Europe,Cloud Software,8,833.39,6667.12,2155.89
TXN-2025-0206,2025-03-13,Latin America,Support & SLA,9,116.63,1049.67,277.32
TXN-2025-0207,2025-03-11,Latin America,Hardware Systems,1,2161.19,2161.19,795.98
TXN-2025-0208,2025-04-20,Latin America,Support & SLA,10,232.3,2323.0,666.87
TXN-2025-0209,2025-01-07,Middle East,Consulting Services,3,300.79,902.37,246.83
TXN-2025-0210,2025-04-05,Middle East,Support & SLA,9,376.01,3384.09,1367.29
TXN-2025-0211,2025-04-20,Middle East,Consulting Services,5,219.29,1096.45,263.42
TXN-2025-0212,2025-01-06,Middle East,Cloud Software,10,671.39,6713.9,2153.49
TXN-2025-0213,2025-03-22,Latin America,Support & SLA,2,224.73,449.46,177.75
TXN-2025-0214,2025-01-23,North America,Consulting Services,1,460.8,460.8,142.44
TXN-2025-0215,2025-04-24,Europe,Cloud Software,5,309.38,1546.9,437.02
TXN-2025-0216,2025-05-14,Latin America,Cloud Software,8,792.79,6342.32,2331.25
TXN-2025-0217,2025-05-09,Middle East,Hardware Systems,6,1286.82,7720.92,2320.52
TXN-2025-0218,2025-02-08,Latin America,Support & SLA,1,150.12,150.12,49.8
TXN-2025-0219,2025-01-28,Middle East,Consulting Services,6,532.64,3195.84,839.24
TXN-2025-0220,2025-02-22,Asia-Pacific,Consulting Services,7,170.75,1195.25,368.08
TXN-2025-0221,2025-01-20,Europe,Hardware Systems,6,2235.41,13412.46,3559.42
TXN-2025-0222,2025-05-14,Europe,Support & SLA,7,423.34,2963.38,782.94
TXN-2025-0223,2025-01-12,Latin America,Support & SLA,1,268.77,268.77,75.83
TXN-2025-0224,2025-03-27,Latin America,Support & SLA,7,101.08,707.56,253.34
TXN-2025-0225,2025-04-27,Asia-Pacific,Consulting Services,3,150.2,450.6,168.49
TXN-2025-0226,2025-01-12,Middle East,Hardware Systems,11,1668.09,18348.99,7522.66
TXN-2025-0227,2025-03-05,Asia-Pacific,Support & SLA,3,397.61,1192.83,310.8
TXN-2025-0228,2025-05-30,Asia-Pacific,Support & SLA,2,273.59,547.18,204.61
TXN-2025-0229,2025-02-21,Europe,Support & SLA,7,153.26,1072.82,315.91
TXN-2025-0230,2025-05-20,Europe,Consulting Services,10,247.23,2472.3,962.82
TXN-2025-0231,2025-05-11,North America,Support & SLA,1,114.89,114.89,25.66
TXN-2025-0232,2025-02-16,North America,Cloud Software,7,636.84,4457.88,1449.82
TXN-2025-0233,2025-01-13,Europe,Support & SLA,8,318.57,2548.56,628.75
TXN-2025-0234,2025-01-24,Latin America,Cloud Software,11,899.16,9890.76,2720.09
TXN-2025-0235,2025-05-19,Latin America,Support & SLA,3,279.81,839.43,283.09
TXN-2025-0236,2025-05-01,Middle East,Hardware Systems,5,1838.94,9194.7,2545.73
TXN-2025-0237,2025-02-26,Asia-Pacific,Hardware Systems,10,1813.26,18132.6,6215.71
TXN-2025-0238,2025-02-23,Asia-Pacific,Support & SLA,6,232.45,1394.7,481.24
TXN-2025-0239,2025-01-07,North America,Cloud Software,9,1185.04,10665.36,2555.89
TXN-2025-0240,2025-05-16,North America,Cloud Software,6,334.92,2009.52,819.09
TXN-2025-0241,2025-05-01,North America,Support & SLA,11,144.8,1592.8,482.74
TXN-2025-0242,2025-06-22,North America,Hardware Systems,7,1331.43,9320.01,2521.05
TXN-2025-0243,2025-03-28,Latin America,Hardware Systems,3,1040.99,3122.97,1122.1
TXN-2025-0244,2025-02-13,Latin America,Hardware Systems,11,1719.54,18914.94,4568.02
TXN-2025-0245,2025-05-14,Latin America,Support & SLA,12,416.37,4996.44,1883.54
TXN-2025-0246,2025-05-30,Middle East,Consulting Services,8,172.01,1376.08,551.64
TXN-2025-0247,2025-02-13,North America,Cloud Software,10,863.46,8634.6,2014.93
TXN-2025-0248,2025-02-12,Latin America,Support & SLA,1,224.48,224.48,59.73
TXN-2025-0249,2025-06-23,Middle East,Consulting Services,7,480.62,3364.34,981.1
TXN-2025-0250,2025-02-25,Latin America,Cloud Software,6,952.23,5713.38,2043.92
TXN-2025-0251,2025-06-22,Europe,Hardware Systems,6,1722.55,10335.3,2757.82
TXN-2025-0252,2025-01-02,North America,Cloud Software,7,419.14,2933.98,1128.91
TXN-2025-0253,2025-06-30,Middle East,Support & SLA,4,193.86,775.44,258.34
TXN-2025-0254,2025-01-14,Latin America,Support & SLA,11,187.5,2062.5,579.99
TXN-2025-0255,2025-03-09,Europe,Support & SLA,11,235.14,2586.54,942.51
TXN-2025-0256,2025-01-14,Middle East,Hardware Systems,8,1384.7,11077.6,4064.87
TXN-2025-0257,2025-06-02,Middle East,Hardware Systems,10,1141.58,11415.8,3114.32
TXN-2025-0258,2025-02-14,North America,Hardware Systems,11,2091.71,23008.81,6712.07
TXN-2025-0259,2025-06-03,Latin America,Hardware Systems,11,2095.31,23048.41,6895.45
TXN-2025-0260,2025-02-05,North America,Cloud Software,2,1150.56,2301.12,914.59
TXN-2025-0261,2025-03-28,Middle East,Consulting Services,7,520.82,3645.74,1096.79
TXN-2025-0262,2025-04-26,Asia-Pacific,Cloud Software,3,648.73,1946.19,794.93
TXN-2025-0263,2025-01-29,Europe,Support & SLA,9,314.86,2833.74,652.39
TXN-2025-0264,2025-02-13,Asia-Pacific,Cloud Software,11,377.79,4155.69,1054.55
TXN-2025-0265,2025-03-14,North America,Consulting Services,11,763.01,8393.11,2008.91
TXN-2025-0266,2025-05-03,North America,Consulting Services,11,702.11,7723.21,1748.03
TXN-2025-0267,2025-01-26,Middle East,Support & SLA,10,161.27,1612.7,379.04
TXN-2025-0268,2025-05-27,Asia-Pacific,Consulting Services,9,278.08,2502.72,764.64
TXN-2025-0269,2025-06-27,Middle East,Hardware Systems,8,2258.2,18065.6,4780.24
TXN-2025-0270,2025-03-24,Middle East,Hardware Systems,9,620.03,5580.27,1563.06
TXN-2025-0271,2025-01-24,Europe,Cloud Software,5,648.92,3244.6,997.49
TXN-2025-0272,2025-04-07,North America,Consulting Services,12,175.84,2110.08,570.24
TXN-2025-0273,2025-03-30,North America,Consulting Services,9,562.3,5060.7,1606.31
TXN-2025-0274,2025-01-07,Europe,Cloud Software,7,589.77,4128.39,1108.59
TXN-2025-0275,2025-04-27,Asia-Pacific,Consulting Services,1,478.34,478.34,150.84
TXN-2025-0276,2025-03-11,Asia-Pacific,Cloud Software,9,955.18,8596.62,2349.22
TXN-2025-0277,2025-06-08,Middle East,Hardware Systems,1,1384.41,1384.41,534.2
TXN-2025-0278,2025-06-25,North America,Consulting Services,12,628.71,7544.52,2532.9
TXN-2025-0279,2025-03-01,Asia-Pacific,Consulting Services,2,370.41,740.82,283.69
TXN-2025-0280,2025-04-30,Europe,Cloud Software,7,689.51,4826.57,1766.02
TXN-2025-0281,2025-03-04,Asia-Pacific,Consulting Services,1,430.95,430.95,172.01
TXN-2025-0282,2025-01-08,Europe,Hardware Systems,4,612.01,2448.04,874.93
TXN-2025-0283,2025-06-13,Asia-Pacific,Hardware Systems,9,883.97,7955.73,3273.07
TXN-2025-0284,2025-04-12,Latin America,Support & SLA,5,173.24,866.2,275.16
TXN-2025-0285,2025-02-26,Middle East,Consulting Services,7,309.83,2168.81,516.89
TXN-2025-0286,2025-05-05,Latin America,Consulting Services,10,294.98,2949.8,991.0
TXN-2025-0287,2025-01-31,Asia-Pacific,Cloud Software,8,770.96,6167.68,2355.68
TXN-2025-0288,2025-03-17,North America,Consulting Services,4,642.08,2568.32,878.96
TXN-2025-0289,2025-03-19,Latin America,Hardware Systems,12,2081.58,24978.96,9880.47
TXN-2025-0290,2025-06-21,Middle East,Hardware Systems,4,1863.3,7453.2,2545.91
TXN-2025-0291,2025-06-19,North America,Hardware Systems,8,2246.39,17971.12,6250.91
TXN-2025-0292,2025-02-26,North America,Hardware Systems,4,691.76,2767.04,662.55
TXN-2025-0293,2025-05-13,Europe,Hardware Systems,2,1300.77,2601.54,783.65
TXN-2025-0294,2025-03-19,Europe,Support & SLA,2,189.85,379.7,143.13
TXN-2025-0295,2025-01-09,Middle East,Hardware Systems,7,621.25,4348.75,1012.02
TXN-2025-0296,2025-05-03,Middle East,Support & SLA,7,287.09,2009.63,494.09
TXN-2025-0297,2025-01-01,Latin America,Cloud Software,10,606.62,6066.2,2064.52
TXN-2025-0298,2025-03-17,Latin America,Hardware Systems,3,1438.46,4315.38,1388.64
TXN-2025-0299,2025-02-18,North America,Consulting Services,4,465.32,1861.28,439.06
TXN-2025-0300,2025-03-18,Europe,Hardware Systems,8,1732.55,13860.4,5001.92
TXN-2025-0301,2025-06-29,Europe,Support & SLA,12,371.1,4453.2,1564.27
TXN-2025-0302,2025-05-05,Latin America,Hardware Systems,9,797.94,7181.46,2051.98
TXN-2025-0303,2025-05-23,North America,Cloud Software,7,405.82,2840.74,1177.42
TXN-2025-0304,2025-04-27,Latin America,Consulting Services,1,626.82,626.82,148.15
TXN-2025-0305,2025-01-31,Middle East,Cloud Software,3,851.37,2554.11,625.03
TXN-2025-0306,2025-06-28,North America,Support & SLA,2,191.41,382.82,134.19
TXN-2025-0307,2025-05-07,Latin America,Cloud Software,7,989.42,6925.94,2137.47
TXN-2025-0308,2025-04-30,Europe,Hardware Systems,11,555.41,6109.51,2369.07
TXN-2025-0309,2025-02-10,Asia-Pacific,Support & SLA,3,225.04,675.12,202.99
TXN-2025-0310,2025-03-06,Europe,Support & SLA,7,319.86,2239.02,898.42
TXN-2025-0311,2025-03-22,Asia-Pacific,Hardware Systems,1,1226.82,1226.82,304.23
TXN-2025-0312,2025-05-08,Europe,Cloud Software,7,1008.87,7062.09,2830.18
TXN-2025-0313,2025-03-20,North America,Hardware Systems,6,1553.89,9323.34,3654.03
TXN-2025-0314,2025-06-09,North America,Hardware Systems,11,494.09,5434.99,1944.54
TXN-2025-0315,2025-02-07,Europe,Cloud Software,1,577.82,577.82,159.43
TXN-2025-0316,2025-05-18,Latin America,Cloud Software,4,1139.44,4557.76,1438.47
TXN-2025-0317,2025-01-20,Latin America,Hardware Systems,3,1360.03,4080.09,1623.64
TXN-2025-0318,2025-04-10,Europe,Consulting Services,2,259.24,518.48,203.39
TXN-2025-0319,2025-01-05,Europe,Hardware Systems,10,1804.9,18049.0,6638.13
TXN-2025-0320,2025-06-01,Europe,Hardware Systems,2,2234.5,4469.0,1189.09
TXN-2025-0321,2025-04-03,Europe,Support & SLA,12,248.6,2983.2,871.87
TXN-2025-0322,2025-01-12,Europe,Cloud Software,1,695.18,695.18,169.2
TXN-2025-0323,2025-06-09,Latin America,Support & SLA,7,204.64,1432.48,491.07
TXN-2025-0324,2025-06-30,Latin America,Hardware Systems,1,2174.31,2174.31,907.51
TXN-2025-0325,2025-04-25,North America,Support & SLA,9,444.83,4003.47,1441.72
TXN-2025-0326,2025-02-12,Europe,Cloud Software,3,731.63,2194.89,740.41
TXN-2025-0327,2025-02-25,Middle East,Cloud Software,1,916.46,916.46,322.23
TXN-2025-0328,2025-05-09,Asia-Pacific,Consulting Services,1,783.56,783.56,232.12
TXN-2025-0329,2025-05-26,Europe,Cloud Software,10,950.21,9502.1,3712.38
TXN-2025-0330,2025-05-02,Europe,Support & SLA,8,335.6,2684.8,1113.86
TXN-2025-0331,2025-04-22,North America,Cloud Software,12,1176.78,14121.36,4055.48
TXN-2025-0332,2025-01-11,Europe,Cloud Software,9,664.09,5976.81,2430.8
TXN-2025-0333,2025-01-15,Middle East,Consulting Services,10,546.26,5462.6,1499.21
TXN-2025-0334,2025-02-20,Latin America,Consulting Services,10,636.42,6364.2,1700.89
TXN-2025-0335,2025-03-14,Asia-Pacific,Consulting Services,9,354.88,3193.92,762.29
TXN-2025-0336,2025-06-16,Middle East,Consulting Services,3,696.71,2090.13,789.39
TXN-2025-0337,2025-05-23,Latin America,Consulting Services,3,207.98,623.94,207.66
TXN-2025-0338,2025-01-11,Asia-Pacific,Cloud Software,4,432.13,1728.52,634.6
TXN-2025-0339,2025-03-15,Middle East,Support & SLA,7,430.8,3015.6,861.99
TXN-2025-0340,2025-04-28,Europe,Hardware Systems,4,624.04,2496.16,781.98
TXN-2025-0341,2025-05-26,Asia-Pacific,Hardware Systems,5,1076.48,5382.4,1758.6
TXN-2025-0342,2025-04-30,Europe,Hardware Systems,5,1402.14,7010.7,2511.54
TXN-2025-0343,2025-03-03,North America,Cloud Software,7,1062.23,7435.61,2521.9
TXN-2025-0344,2025-02-26,Latin America,Cloud Software,10,917.72,9177.2,2893.12
TXN-2025-0345,2025-05-24,Asia-Pacific,Hardware Systems,3,987.65,2962.95,691.86
TXN-2025-0346,2025-03-26,Europe,Consulting Services,3,186.75,560.25,158.34
TXN-2025-0347,2025-01-25,North America,Hardware Systems,11,2022.42,22246.62,6891.03
TXN-2025-0348,2025-05-10,Europe,Consulting Services,6,639.07,3834.42,977.68
TXN-2025-0349,2025-06-30,Europe,Support & SLA,6,136.69,820.14,246.08
TXN-2025-0350,2025-06-02,Europe,Consulting Services,12,410.16,4921.92,1455.68
TXN-2025-0351,2025-04-20,Europe,Consulting Services,8,246.21,1969.68,702.85
TXN-2025-0352,2025-02-18,Latin America,Support & SLA,1,417.9,417.9,147.25
TXN-2025-0353,2025-01-02,Middle East,Consulting Services,7,165.87,1161.09,406.71
TXN-2025-0354,2025-04-03,North America,Cloud Software,11,360.17,3961.87,1227.12
TXN-2025-0355,2025-04-03,Middle East,Hardware Systems,5,1572.65,7863.25,3171.68
TXN-2025-0356,2025-04-07,Asia-Pacific,Consulting Services,1,459.52,459.52,175.43
TXN-2025-0357,2025-04-26,Asia-Pacific,Consulting Services,10,440.24,4402.4,1184.52
TXN-2025-0358,2025-04-30,Asia-Pacific,Cloud Software,2,624.36,1248.72,437.29
TXN-2025-0359,2025-06-02,Latin America,Consulting Services,2,448.68,897.36,210.59
TXN-2025-0360,2025-06-14,Europe,Cloud Software,12,1196.78,14361.36,3515.14
TXN-2025-0361,2025-01-30,North America,Hardware Systems,7,544.21,3809.47,1475.16
TXN-2025-0362,2025-02-25,Asia-Pacific,Cloud Software,2,360.6,721.2,237.75
TXN-2025-0363,2025-01-03,Europe,Support & SLA,9,327.55,2947.95,897.36
TXN-2025-0364,2025-03-21,Asia-Pacific,Support & SLA,9,320.02,2880.18,946.47
TXN-2025-0365,2025-02-23,North America,Consulting Services,5,695.1,3475.5,1211.78
TXN-2025-0366,2025-02-21,Middle East,Cloud Software,10,1039.98,10399.8,3078.24
TXN-2025-0367,2025-06-25,North America,Support & SLA,6,301.69,1810.14,638.87
TXN-2025-0368,2025-04-13,Asia-Pacific,Cloud Software,6,1009.02,6054.12,2374.71
TXN-2025-0369,2025-01-05,North America,Cloud Software,3,1104.0,3312.0,807.28
TXN-2025-0370,2025-06-01,Asia-Pacific,Consulting Services,11,421.16,4632.76,1049.31
TXN-2025-0371,2025-03-17,Europe,Cloud Software,5,908.95,4544.75,1113.74
TXN-2025-0372,2025-01-04,Asia-Pacific,Hardware Systems,8,2168.52,17348.16,6026.79
TXN-2025-0373,2025-01-07,Asia-Pacific,Hardware Systems,3,936.66,2809.98,637.83
TXN-2025-0374,2025-04-06,Europe,Hardware Systems,11,1514.19,16656.09,5435.9
TXN-2025-0375,2025-01-17,Middle East,Cloud Software,8,620.04,4960.32,1567.79
TXN-2025-0376,2025-04-03,North America,Consulting Services,7,744.1,5208.7,1965.32
TXN-2025-0377,2025-03-20,Middle East,Consulting Services,3,314.47,943.41,229.6
TXN-2025-0378,2025-01-10,Latin America,Cloud Software,8,440.49,3523.92,1226.51
TXN-2025-0379,2025-02-07,North America,Hardware Systems,8,2389.0,19112.0,4996.22
TXN-2025-0380,2025-03-20,Europe,Support & SLA,5,126.31,631.55,212.29
TXN-2025-0381,2025-03-26,North America,Cloud Software,8,678.95,5431.6,1763.82
TXN-2025-0382,2025-03-21,Asia-Pacific,Hardware Systems,3,1043.21,3129.63,1103.71
TXN-2025-0383,2025-04-19,Asia-Pacific,Consulting Services,10,278.03,2780.3,659.74
TXN-2025-0384,2025-04-16,Asia-Pacific,Hardware Systems,9,1862.26,16760.34,4512.3
TXN-2025-0385,2025-05-25,North America,Support & SLA,6,314.85,1889.1,462.95
TXN-2025-0386,2025-03-21,Asia-Pacific,Cloud Software,3,525.15,1575.45,370.44
TXN-2025-0387,2025-02-26,Latin America,Hardware Systems,8,2309.88,18479.04,7307.46
TXN-2025-0388,2025-05-02,Middle East,Hardware Systems,2,1082.27,2164.54,834.58
TXN-2025-0389,2025-04-30,Europe,Cloud Software,7,896.58,6276.06,1409.4
TXN-2025-0390,2025-04-26,Middle East,Support & SLA,8,424.34,3394.72,988.28
TXN-2025-0391,2025-02-01,Asia-Pacific,Support & SLA,2,254.65,509.3,163.73
TXN-2025-0392,2025-01-08,North America,Hardware Systems,7,2300.05,16100.35,5022.08
TXN-2025-0393,2025-02-18,Asia-Pacific,Support & SLA,7,362.0,2534.0,1012.62
TXN-2025-0394,2025-03-08,Europe,Hardware Systems,8,1371.85,10974.8,3549.91
TXN-2025-0395,2025-06-05,Asia-Pacific,Consulting Services,8,702.54,5620.32,1773.21
TXN-2025-0396,2025-04-24,North America,Support & SLA,8,441.57,3532.56,1230.72
TXN-2025-0397,2025-05-06,Asia-Pacific,Consulting Services,2,773.61,1547.22,351.51
TXN-2025-0398,2025-01-11,Middle East,Cloud Software,3,1026.76,3080.28,777.07
TXN-2025-0399,2025-04-29,Middle East,Hardware Systems,12,580.61,6967.32,2015.19
TXN-2025-0400,2025-03-24,Europe,Cloud Software,10,795.64,7956.4,2327.8
